15,Mr. Robot,8.5,4,https://m.media-amazon.com/images/M/MV5BMzgxMmQxZjQtNDdmMC00MjRlLTk1MDEtZDcwNTdmOTg0YzA2XkEyXkFqcGdeQXVyMzQ2MDI5NjU@._V1_SX300.jpg
16,Peaky Blinders,8.8,5,https://m.media-amazon.com/images/M/MV5BMTkzNjEzMDEzMF5BMl5BanBnXkFtZTgwMDI0MjE4MjE@._V1_SX300.jpg
17,Dark,8.7,3,https://m.media-amazon.com/images/M/MV5BMmIyZjA3NGUtYjlhNS00ZDlkLWI0MDgtMDc2YWNjNGMwYWZhXkEyXkFqcGdeQXVyMzY0MTE3NzU@._V1_SX300.jpg
18,Breaking Bad,9.5,5,https://m.media-amazon.com/images/M/MV5BMjhiMzgxZTctNDc1Ni00OTIxLTlhMTYtZTA3ZWFkODRkNmE2XkEyXkFqcGdeQXVyNzkwMjQ5NzM@._V1_SX300.jpg
19,Game of Thrones,9.5,8,https://m.media-amazon.com/images/M/MV5BMjA5NzA5NjMwNl5BMl5BanBnXkFtZTgwNjg2OTk2NzM@._V1_SX300.jpg
20,The Walking Dead,8.2,11,https://m.media-amazon.com/images/M/MV5BYTUwOTM3ZGUtMDZiNy00M2I3LWI1ZWEtYzhhNGMyZjI3MjBmXkEyXkFqcGdeQXVyMTkxNjUyNQ@@._V1_SX300.jpg
21,True Detective,9,3,https://m.media-amazon.com/images/M/MV5BMTUwMGM2ZmYtZGEyZC00OWQyLWI2Y2QtMTdjYzMxZGJmNjhjXkEyXkFqcGdeQXVyNjU2ODM5MjU@._V1_SX300.jpg
22,See,7.6,1,https://m.media-amazon.com/images/M/MV5BYWI2ZmM5ZTgtOTgxYS00MTQ4LThkMjQtZjBlNGM3NjQ5YTI5XkEyXkFqcGdeQXVyMDM2NDM2MQ@@._V1_SX300.jpg
23,The Simpsons,8.7,31,https://m.media-amazon.com/images/M/MV5BYjFkMTlkYWUtZWFhNy00M2FmLThiOTYtYTRiYjVlZWYxNmJkXkEyXkFqcGdeQXVyNTAyODkwOQ@@._V1_SX300.jpg
24,Better Call Saul,8.7,6,https://m.media-amazon.com/images/M/MV5BMGE4YzY4NGEtOWYyYS00ZDk2LWExMmMtZDIyODhiMmNlMGE0XkEyXkFqcGdeQXVyMTkxNjUyNQ@@._V1_SX300.jpg
25,Westworld,8.7,3,https://m.media-amazon.com/images/M/MV5BYjQwODU3ZDgtNmNmNC00YWRmLTk0MmYtYTdhYzY0M2I0Mzk1XkEyXkFqcGdeQXVyMTkxNjUyNQ@@._V1_SX300.jpg
26,The Good Doctor,8.2,3,https://m.media-amazon.com/images/M/MV5BMmUyNTQwYjItMzc5Ny00MDg4LWIxMTMtNDBmNjQ0MmIwNjNmXkEyXkFqcGdeQXVyMTkxNjUyNQ@@._V1_SX300.jpg
27,Vikings,8.6,6,https://m.media-amazon.com/images/M/MV5BNjIzZjljZmQtOGNiYi00YmY2LWE1MGYtN2VlMmEyZDBlMzRmXkEyXkFqcGdeQXVyMTkxNjUyNQ@@._V1_SX300.jpg
28,You,7.8,2,https://m.media-amazon.com/images/M/MV5BZDJjOTg4OWYtYWIyOS00MjQ3LTg5ZDktYzU2N2RkNmYzNjZlXkEyXkFqcGdeQXVyMzQ2MDI5NjU@._V1_SX300.jpg
29,His Dark Materials,8,1,https://m.media-amazon.com/images/M/MV5BN2RjNWQzNTQtMmY4Yi00Yzk5LWFiODItY2EyZjBmNjZmYmI2XkEyXkFqcGdeQXVyMTkxNjUyNQ@@._V1_SX300.jpg
30,The Purge,6.4,2,https://m.media-amazon.com/images/M/MV5BMjk1YWE0OWYtMzYwMi00MGZhLTkyMGMtMzU1YjRlZjE1OWQyXkEyXkFqcGdeQXVyMTQxNzMzNDI@._V1_SX300.jpg
31,The Witcher,8.3,2,https://m.media-amazon.com/images/M/MV5BOGE4MmVjMDgtMzIzYy00NjEwLWJlODMtMDI1MGY2ZDlhMzE2XkEyXkFqcGdeQXVyMzY0MTE3NzU@._V1_SX300.jpg
32,Big Little Lies,8.5,2,https://m.media-amazon.com/images/M/MV5BZmNjYzdjN2ItOTBlNy00Mjc0LWE4YmMtYTQ4ZjQzNTMyNDc4XkEyXkFqcGdeQXVyMTkxNjUyNQ@@._V1_SX300.jpg
33,The Wire,9.3,5,https://m.media-amazon.com/images/M/MV5BZmY5ZDMxODEtNWIwOS00NjdkLTkyMjktNWRjMDhmYjJjN2RmXkEyXkFqcGdeQXVyNTA4NzY1MzY@._V1_SX300.jpg
34,Six Feet Under,8.7,5,https://m.media-amazon.com/images/M/MV5BMTQzODk5N2UtYjE4ZC00YWM1LWJkMGYtYmY2NjNjMjIzZDRmXkEyXkFqcGdeQXVyNTE1NjY5Mg@@._V1_SX300.jpg
35,Big Love,7.5,5,https://m.media-amazon.com/images/M/MV5BMTkxMjEzNTE0Ml5BMl5BanBnXkFtZTcwNTM3MDAzNA@@._V1_SX300.jpg
36,Boardwalk Empire,8.5,5,https://m.media-amazon.com/images/M/MV5BYTYxNzc5ZmYtODcyNi00ZWUwLWExNWUtY2Y0YTlhZDBlMGU1XkEyXkFqcGdeQXVyNzQ1ODk3MTQ@._V1_SX300.jpg
37,Here and Now,6.8,1,https://m.media-amazon.com/images/M/MV5BMTk2NDIwOTg4M15BMl5BanBnXkFtZTgwOTAxMzc1NDM@._V1_SX300.jpg
38,In Treatment,8.3,3,https://m.media-amazon.com/images/M/MV5BNjM4NzMzMDI1NF5BMl5BanBnXkFtZTcwOTE2MTMwNA@@._V1_SX300.jpg
39,John from Cincinnati,7.1,1,https://m.media-amazon.com/images/M/MV5BMTMyNTM2MDYyMF5BMl5BanBnXkFtZTcwOTg4NDA1MQ@@._V1_SX300.jpg
40,Dracula,6.8,1,https://m.media-amazon.com/images/M/MV5BNTBmNzM4ZGMtMTE3OC00Mjc4LWE3OGEtYzA3ZmQ1MGJkNjMyXkEyXkFqcGdeQXVyNDk3ODk4OQ@@._V1_SX300.jpg
41,Kingdom,8.2,2,https://m.media-amazon.com/images/M/MV5BMmMzYzE5NzctZGZmZC00MmVkLTllMWUtZDY3YzIzYWEyMTIxXkEyXkFqcGdeQXVyNTI2MzI4NTU@._V1_SX300.jpg
42,Servant,7.7,2,https://m.media-amazon.com/images/M/MV5BNjQ2MzIzMGMtN2I4Yi00NzdkLWE1NTAtMTI0NWZiNzAwMDM5XkEyXkFqcGdeQXVyMTkxNjUyNQ@@._V1_SX300.jpg
43,Truth Be Told,7.1,1,https://m.media-amazon.com/images/M/MV5BOGZiYWEzYmYtYWZkNy00MjAyLWI5MGYtNmVhYWI5MjIwZjgxXkEyXkFqcGdeQXVyMTQxNzMzNDI@._V1_SX300.jpg
44,Watchmen,8.1,1,https://m.media-amazon.com/images/M/MV5BYjhhZDE3NjgtMjkzNC00NzI3LWJhOTItMWQ5ZjljODA5NWNkXkEyXkFqcGdeQXVyMzQ2MDI5NjU@._V1_SX300.jpg
45,Dirty Money,8.1,2,https://m.media-amazon.com/images/M/MV5BZWVmYjJlZjgtMzU4YS00MDQxLWJmYjQtNTcyMjJkMDNmOTZkXkEyXkFqcGdeQXVyMTMxODk2OTU@._V1_SX300.jpg
46,Prison Break,8.3,5,https://m.media-amazon.com/images/M/MV5BMTg3NTkwNzAxOF5BMl5BanBnXkFtZTcwMjM1NjI5MQ@@._V1_SX300.jpg
47,Cable Girls,7.7,6,https://m.media-amazon.com/images/M/MV5BYmRhMWM4NzQtNTE1OS00NWMxLTgzYzYtMTllZTcyY2NjZDgxXkEyXkFqcGdeQXVyMTMxODk2OTU@._V1_SX300.jpg
48,Stranger Things,8.8,3,https://m.media-amazon.com/images/M/MV5BZGExYjQzNTQtNGNhMi00YmY1LTlhY2MtMTRjODg3MjU4YTAyXkEyXkFqcGdeQXVyMTkxNjUyNQ@@._V1_SX300.jpg
49,Sharp Objects,8.2,1,https://m.media-amazon.com/images/M/MV5BZDk2NzY1MGQtYTA2MS00ZDcxLWJiMzYtNWRmMGU3ZjQ0YTFjXkEyXkFqcGdeQXVyMTMxODk2OTU@._V1_SX300.jpg
50,Patrick Melrose,8.1,1,https://m.media-amazon.com/images/M/MV5BMjIwNzk4OTQ1NV5BMl5BanBnXkFtZTgwMjE0NDMyNTM@._V1_SX300.jpg
51,Safe,7.3,1,https://m.media-amazon.com/images/M/MV5BNTRjNTA4YmEtNmU5ZC00YjFjLTk0YzMtNmFhZDI0ZGYxNmI5XkEyXkFqcGdeQXVyMTk3NDAwMzI@._V1_SX300.jpg
52,The Rain,6.3,1,https://m.media-amazon.com/images/M/MV5BMGMwMDgxODgtYzJiMC00MWRhLTliODktOTc1NzZiNmM5NGNjXkEyXkFqcGdeQXVyODc0OTEyNDU@._V1_SX300.jpg
53,Seven Seconds,7.7,1,https://m.media-amazon.com/images/M/MV5BNzZiN2E4NTAtNWJlOC00ODA0LTgzODQtNGZkM2IxOWMxNDE0XkEyXkFqcGdeQXVyMTMxODk2OTU@._V1_SX300.jpg
54,The Sinner,8,3,https://m.media-amazon.com/images/M/MV5BODIwYmE0MGQtYmNhMS00ZjM4LWJkMzAtNjg5YzI4MzZjMjg3XkEyXkFqcGdeQXVyNjU2ODM5MjU@._V1_SX300.jpg
55,Britannia,6.7,2,https://m.media-amazon.com/images/M/MV5BOTI3OGY1MGQtNTdlMS00Yzg5LTk1MDItMzRmNDhlMTFmYmM4XkEyXkFqcGdeQXVyOTA0ODk2NTc@._V1_SX300.jpg
56,Atypical,8.3,3,https://m.media-amazon.com/images/M/MV5BYjg1ZmQ0ZDktMjNhZS00MDJjLTllZTItMmIyYTBkYjM2MzQzXkEyXkFqcGdeQXVyMTkxNjUyNQ@@._V1_SX300.jpg
57,13 Reasons Why,7.8,3,https://m.media-amazon.com/images/M/MV5BMTA2OTQxNzQtMDQ5OC00NDczLWFhYjEtN2UyMmIwNGZlZDM4XkEyXkFqcGdeQXVyMTkxNjUyNQ@@._V1_SX300.jpg
58,The Good Fight,8.3,3,https://m.media-amazon.com/images/M/MV5BODc2MDE2NTEyNl5BMl5BanBnXkFtZTgwMjIwNjUzNzM@._V1_SX300.jpg
59,Dope,7.3,3,https://m.media-amazon.com/images/M/MV5BYmQ3YzNhYjktZDcwMy00ZTI4LWI0ODEtZWJhZDcxNjA0MGFiXkEyXkFqcGdeQXVyNjgwMTgyODE@._V1_SX300.jpg
60,The Punisher,8.5,2,https://m.media-amazon.com/images/M/MV5BMTExODIwOTUxNzFeQTJeQWpwZ15BbWU4MDE5MDA0MTcz._V1_SX300.jpg
61,Bad Blood,7.5,2,https://m.media-amazon.com/images/M/MV5BMzRmNzZkMmMtMzU5YS00ZThhLWE2YzItZTNhNGMwMmI1MjQyXkEyXkFqcGdeQXVyMTMxODk2OTU@._V1_SX300.jpg
62,Genius,8.4,2,https://m.media-amazon.com/images/M/MV5BNTkwYzVjZjEtODI2NS00ZDk5LTliNWItMzJiYzYwM2RiNjNhXkEyXkFqcGdeQXVyNzg5MzIyOA@@._V1_SX300.jpg
63,Godless,8.3,1,https://m.media-amazon.com/images/M/MV5BMTY0NzkxNDcxNF5BMl5BanBnXkFtZTgwOTI5ODM5MzI@._V1_SX300.jpg
64,The Crown,8.7,4,https://m.media-amazon.com/images/M/MV5BNGI1ODkzZDQtZTYxYS00MTg1LWFlY2QtMTM5MGNhNWRhYmVmXkEyXkFqcGdeQXVyNjU2ODM5MjU@._V1_SX300.jpg
65,Preacher,8,4,https://m.media-amazon.com/images/M/MV5BNzIyMDY4NmUtMGRhZS00ZjE4LWI5YWYtYTYxMzcwZWNlZWRkXkEyXkFqcGdeQXVyMTkxNjUyNQ@@._V1_SX300.jpg
66,Lucifer,8.2,4,https://m.media-amazon.com/images/M/MV5BZTA2NTBkYWUtMzM4Zi00YzhlLTk4NWItY2U1ODczNDMyNDAzXkEyXkFqcGdeQXVyNDg4NjY5OTQ@._V1_SX300.jpg
67,Shooter,7.5,3,https://m.media-amazon.com/images/M/MV5BNmViMGQzMzMtNzgyYy00YzA4LWIzYzAtYmU5OTA4YWJjZWNjXkEyXkFqcGdeQXVyNjgyMjQ2NjM@._V1_SX300.jpg
68,American Crime Story,8.4,4,https://m.media-amazon.com/images/M/MV5BNzc2MzJmM2ItMjgzYy00MjgxLTljYjctZjJhYzM1ODFhMzU0XkEyXkFqcGdeQXVyMTMxODk2OTU@._V1_SX300.jpg
69,11.22.63,8.2,1,https://m.media-amazon.com/images/M/MV5BMTk1NjE5MjUwM15BMl5BanBnXkFtZTgwODk3NTk2OTE@._V1_SX300.jpg
70,Sneaky Pete,8.2,3,https://m.media-amazon.com/images/M/MV5BMTc2OTExNDE3MF5BMl5BanBnXkFtZTgwMzk2MjU5NzM@._V1_SX300.jpg
71,Jessica Jones,8,3,https://m.media-amazon.com/images/M/MV5BM2QyNmZkNTYtZWQyZi00NDhhLWEzMDItYmIzY2U4ZWVmOWNhXkEyXkFqcGdeQXVyNDg4NjY5OTQ@._V1_SX300.jpg
72,Narcos,8.8,3,https://m.media-amazon.com/images/M/MV5BNmFjODU3YzgtMGUwNC00ZGI3LWFkZjQtMjkxZDc3NmQ1MzcyXkEyXkFqcGdeQXVyNjUwNzk3NDc@._V1_SX300.jpg
73,The Flash,7.8,6,https://m.media-amazon.com/images/M/MV5BNTM4YThiMzktMDRlNi00NzAyLWI1YmQtNTdkMTNiN2Q0NzU1XkEyXkFqcGdeQXVyMTkxNjUyNQ@@._V1_SX300.jpg
74,Power,8.2,6,https://m.media-amazon.com/images/M/MV5BYjllZjcwNjItMzc1OC00YjRkLWI5YzUtODM1YmEzNjFiYzNhXkEyXkFqcGdeQXVyMDM2NDM2MQ@@._V1_SX300.jpg
75,Silicon Valley,8.5,6,https://m.media-amazon.com/images/M/MV5BOTcwNzU2MGEtMzUzNC00MzMwLWJhZGItNDY3NDllYjU5YzAyXkEyXkFqcGdeQXVyMzQ2MDI5NjU@._V1_SX300.jpg
76,Fargo,8.9,4,https://m.media-amazon.com/images/M/MV5BMTg5NTYxNjkyNl5BMl5BanBnXkFtZTgwNzY1Mjg4MTI@._V1_SX300.jpg
77,Ray Donovan,8.3,7,https://m.media-amazon.com/images/M/MV5BYWY1MTE2MmItNzQyNi00YThjLWE4ZDctMDA0ZGE3OWJhYTMzXkEyXkFqcGdeQXVyOTA3MTMyOTk@._V1_SX300.jpg
78,The Blacklist,8,8,https://m.media-amazon.com/images/M/MV5BZDU1OGI3NWItZTliOS00OWYxLTliNDktYTFjODcxNmE1NTNmXkEyXkFqcGdeQXVyODUxOTU0OTg@._V1_SX300.jpg
79,House of Cards,8.8,6,https://m.media-amazon.com/images/M/MV5BODM1MDU2NjY5NF5BMl5BanBnXkFtZTgwMDkxNTcwNjM@._V1_SX300.jpg
80,Utopia,8.4,2,https://m.media-amazon.com/images/M/MV5BMjMwMTA5NDc5M15BMl5BanBnXkFtZTgwMjQ4MTY0MjE@._V1_SX300.jpg
81,Generation War,8.5,1,https://m.media-amazon.com/images/M/MV5BMTYwMzIyMjg5M15BMl5BanBnXkFtZTgwNzM1NjI2MDE@._V1_SX300.jpg
82,Suits,8.5,9,https://m.media-amazon.com/images/M/MV5BNmVmMmM5ZmItZDg0OC00NTFiLWIxNzctZjNmYTY5OTU3ZWU3XkEyXkFqcGdeQXVyMTQxNzMzNDI@._V1_SX300.jpg
83,The Bridge,7.6,2,https://m.media-amazon.com/images/M/MV5BMTQyNjEzMjIyMV5BMl5BanBnXkFtZTgwMTg0NjYxMjE@._V1_SX300.jpg
84,Black Mirror,8.8,5,https://m.media-amazon.com/images/M/MV5BYTM3YWVhMDMtNjczMy00NGEyLWJhZDctYjNhMTRkNDE0ZTI1XkEyXkFqcGdeQXVyMTkxNjUyNQ@@._V1_SX300.jpg
85,Luther,8.5,5,https://m.media-amazon.com/images/M/MV5BYTdhNWMwYTMtNzQ3OC00ODZjLWI0YzQtYjVlODZiOWVlYTJlXkEyXkFqcGdeQXVyNTA4NzY1MzY@._V1_SX300.jpg
86,The Mentalist,8.1,7,https://m.media-amazon.com/images/M/MV5BMTQ5OTgzOTczM15BMl5BanBnXkFtZTcwMDM2OTY4MQ@@._V1_SX300.jpg
87,Generation Kill,8.5,1,https://m.media-amazon.com/images/M/MV5BMTM2NjAxOTQzNl5BMl5BanBnXkFtZTcwMjk4NzU3MQ@@._V1_SX300.jpg
88,Planet Earth,9.4,1,https://m.media-amazon.com/images/M/MV5BNmZlYzIzMTItY2EzYS00YTEyLTg0ZjEtMDMzZjM3ODdhN2UzXkEyXkFqcGdeQXVyNjI0MDg2NzE@._V1_SX300.jpg
89,The Lost Room,8.2,1,https://m.media-amazon.com/images/M/MV5BOTIzODYzNzMtZTE1ZS00MWRkLThhMTUtYzU4N2M0MDExZTI0XkEyXkFqcGdeQXVyNTAyODkwOQ@@._V1_SX300.jpg
90,Doctor Who,8.6,12,https://m.media-amazon.com/images/M/MV5BZWJhYjFmZDEtNTVlYy00NGExLWJhZWItNTAxODY5YTc3MDFmXkEyXkFqcGdeQXVyMTkxNjUyNQ@@._V1_SX300.jpg
91,The Office,8.8,9,https://m.media-amazon.com/images/M/MV5BMDNkOTE4NDQtMTNmYi00MWE0LWE4ZTktYTc0NzhhNWIzNzJiXkEyXkFqcGdeQXVyMzQ2MDI5NjU@._V1_SX300.jpg
92,Supernatural,8.4,15,https://m.media-amazon.com/images/M/MV5BMTJhM2VhZDItMTk4OS00MTRjLTlmMDQtNzEyYmM0NDA0YjhjXkEyXkFqcGdeQXVyMTkxNjUyNQ@@._V1_SX300.jpg
93,Deadwood,8.6,3,https://m.media-amazon.com/images/M/MV5BNDJhMjUzMDYtNzc4MS00Nzk2LTkyMGQtN2M5NTczYTZmYmY5XkEyXkFqcGdeQXVyMzU3MTc5OTE@._V1_SX300.jpg
94,Amazing Stories,7.4,2,https://m.media-amazon.com/images/M/MV5BYzBkMTEzZDktYmQyMS00ZDE5LWI5MWUtMGEwYzQ3ZjJhYjMxXkEyXkFqcGdeQXVyMjIzMTQ5NjE@._V1_SX300.jpg
95,Devs,8.1,1,https://m.media-amazon.com/images/M/MV5BNjFiMTYwNGYtZWUxZS00MjAzLTg2NzctNTc1NTI2MTRhYzc0XkEyXkFqcGdeQXVyMzY0MTE3NzU@._V1_SX300.jpg
96,The New Pope,8.2,1,https://m.media-amazon.com/images/M/MV5BZGQzZDk2NTgtNTRjMS00MDI0LWIwZWQtNDZjODZhOGI1YzliXkEyXkFqcGdeQXVyMTkxNjUyNQ@@._V1_SX300.jpg
97,The Outsider,8.4,1,https://m.media-amazon.com/images/M/MV5BNzgxOTc4ODctNDNhZC00M2UzLTgyYzgtM2Q2OTk3NmQ5NTljXkEyXkFqcGdeQXVyMzQ2MDI5NjU@._V1_SX300.jpg
98,Prodigal Son,7.6,1,https://m.media-amazon.com/images/M/MV5BMDU4MGRlYzctMzk5ZC00NWE0LWJhN2ItMWQ2OWJiODAyYmM3XkEyXkFqcGdeQXVyODU4NjY3NDA@._V1_SX300.jpg
99,Bard of Blood,7.4,1,https://m.media-amazon.com/images/M/MV5BNjAzZGI0MDctMTgyYi00NDgwLWFmMjgtNTIyMmZhN2FkM2YxXkEyXkFqcGdeQXVyMTkxNjUyNQ@@._V1_SX300.jpg
100,Unbelievable,8.5,1,https://m.media-amazon.com/images/M/MV5BN2Q3OWQ1Y2UtN2E3OS00ODA2LWE1Y2EtYmY5OWMzNWYzMDZmXkEyXkFqcGdeQXVyMzY0MTE3NzU@._V1_SX300.jpg
101,Pose,8.6,2,https://m.media-amazon.com/images/M/MV5BMjQwMTQ0MTIxNl5BMl5BanBnXkFtZTgwMDYzNjYwODM@._V1_SX300.jpg
102,Killing Eve,8.3,4,https://m.media-amazon.com/images/M/MV5BZDE0NTc0NjMtNDc2Mi00NTY2LWJiNTItNDBlOWQxMTM5ZmMyXkEyXkFqcGdeQXVyMzQ2MDI5NjU@._V1_SX300.jpg
103,Homecoming,7.5,2,https://m.media-amazon.com/images/M/MV5BMTZlZDM2YjAtYzdjNS00ZDQxLTgyZTQtYTY0ZDdlYWExMGMxXkEyXkFqcGdeQXVyMDA4NzMyOA@@._V1_SX300.jpg
104,Masum,8.6,1,https://m.media-amazon.com/images/M/MV5BOGViOWQxYTgtMTMzZC00MjQ1LWJjY2YtNWY5ZTYzNjk1MGQ2L2ltYWdlXkEyXkFqcGdeQXVyNDQ2MTMzODA@._V1_SX300.jpg
105,Harlots,7.7,3,https://m.media-amazon.com/images/M/MV5BMTY5MDgyMjY2M15BMl5BanBnXkFtZTgwMzAzNDQ4NTM@._V1_SX300.jpg
106,Mindhunter,8.6,2,https://m.media-amazon.com/images/M/MV5BNWNmYzQ1ZWUtYTQ3ZS00Y2UwLTlkMDctZThlOTJkMGJiNzBiXkEyXkFqcGdeQXVyNjg2NjQwMDQ@._V1_SX300.jpg
107,This Is Us,8.7,4,https://m.media-amazon.com/images/M/MV5BMDM2YTMzMWMtNmFhZi00ZWY4LTk1ZmUtMWExNzg3NDZmMTY4XkEyXkFqcGdeQXVyMzQ2MDI5NjU@._V1_SX300.jpg
108,Channel Zero,7.2,4,https://m.media-amazon.com/images/M/MV5BMjExMTMxNjMwNl5BMl5BanBnXkFtZTgwNDA2OTYzNjM@._V1_SX300.jpg
109,The Exorcist,8.1,2,https://m.media-amazon.com/images/M/MV5BMjEzNjI5Njg4MV5BMl5BanBnXkFtZTgwMjkwMjU2MzI@._V1_SX300.jpg
110,Sense8,8.3,2,https://m.media-amazon.com/images/M/MV5BMjA4MTEyMzcwMl5BMl5BanBnXkFtZTgwMTIwODczNTM@._V1_SX300.jpg
111,BoJack Horseman,8.7,6,https://m.media-amazon.com/images/M/MV5BYWQwMDNkM2MtODU4OS00OTY3LTgwOTItNjE2Yzc0MzRkMDllXkEyXkFqcGdeQXVyMTkxNjUyNQ@@._V1_SX300.jpg
112,Friends,8.9,10,https://m.media-amazon.com/images/M/MV5BNDVkYjU0MzctMWRmZi00NTkxLTgwZWEtOWVhYjZlYjllYmU4XkEyXkFqcGdeQXVyNTA4NzY1MzY@._V1_SX300.jpg
113,Mrs. Fletcher,6.9,1,https://m.media-amazon.com/images/M/MV5BZTVlMDViYzItMGVhMS00YmQyLTg4ZTAtYjA4ZDZlY2RlNmExXkEyXkFqcGdeQXVyMzY0MTE3NzU@._V1_SX300.jpg
114,The Newsroom,8.6,3,https://m.media-amazon.com/images/M/MV5BZjg5OGU2OGMtNTM3ZC00YTEzLWFmZjMtOWQ3NGI5YjIzODJlXkEyXkFqcGdeQXVyNTE1NjY5Mg@@._V1_SX300.jpg
115,Mad Men,8.6,7,https://m.media-amazon.com/images/M/MV5BMjMwNzk5Nzg2OV5BMl5BanBnXkFtZTgwMjg1OTk1NDE@._V1_SX300.jpg
116,Arli$$,7,7,https://m.media-amazon.com/images/M/MV5BNzIxNzkwMDgyN15BMl5BanBnXkFtZTcwMDAxOTcxMQ@@._V1_SX300.jpg
117,Sex and the City,7.1,6,https://m.media-amazon.com/images/M/MV5BNGEyNDRjM2QtY2VlYy00OWRhLWI4N2UtZTM4NDc0MGM0YzBkXkEyXkFqcGdeQXVyNjk1Njg5NTA@._V1_SX300.jpg
118,Ballers,7.6,5,https://m.media-amazon.com/images/M/MV5BYzM5NDRkNzItN2FkZC00ZjQyLTlmYzctYmNiNTA4YzIxYTg2XkEyXkFqcGdeQXVyMzQ2MDI5NjU@._V1_SX300.jpg
119,Vice Principals,8,2,https://m.media-amazon.com/images/M/MV5BMjQ2MjY0ODI4M15BMl5BanBnXkFtZTgwNTY3MjQyMzI@._V1_SX300.jpg
120,Rome,8.7,2,https://m.media-amazon.com/images/M/MV5BZTM4NjBkMWEtZDA4My00MzA0LWI0ZWMtNzUwYWVhOThiMTgwXkEyXkFqcGdeQXVyNTAyODkwOQ@@._V1_SX300.jpg
121,Oz,8.7,6,https://m.media-amazon.com/images/M/MV5BY2ZjNGZiZWUtMDM5ZS00NWUwLWEwZTItZjRmZGVkOTkzMmI4XkEyXkFqcGdeQXVyNDIzMzcwNjc@._V1_SX300.jpg
122,Girls,7.3,6,https://m.media-amazon.com/images/M/MV5BMTU1Mzk2ODEzN15BMl5BanBnXkFtZTgwNDQwMjAxMTI@._V1_SX300.jpg
123,The Pacific,8.3,1,https://m.media-amazon.com/images/M/MV5BNmEwNmI1MjItNjNjYy00NDE5LWJiNTYtM2QxMTI5ZjllZTBhL2ltYWdlXkEyXkFqcGdeQXVyNTAyODkwOQ@@._V1_SX300.jpg
124,Veep,8.3,7,https://m.media-amazon.com/images/M/MV5BMjE2NDM0OTEwMl5BMl5BanBnXkFtZTgwNzgwNDI0ODE@._V1_SX300.jpg
125,Barry,8.3,2,https://m.media-amazon.com/images/M/MV5BMmY1NTk5N2QtYWQyOS00NjhiLWFhZmYtYWZmZGFlMjEzY2E2XkEyXkFqcGdeQXVyMzQ2MDI5NjU@._V1_SX300.jpg
126,The Corner,8.6,1,https://m.media-amazon.com/images/M/MV5BMTI3NzU0ODAwOF5BMl5BanBnXkFtZTYwMDcwOTk5._V1_SX300.jpg
127,Sex Education,8.3,3,https://m.media-amazon.com/images/M/MV5BZjgyMzFiMDgtNWNmMS00ZDEyLTkzYzgtMjMzZjk4YjhjZWUxXkEyXkFqcGdeQXVyNDg4MjkzNDk@._V1_SX300.jpg
128,Bodyguard,8.2,1,https://m.media-amazon.com/images/M/MV5BOTQ2YmU5YWYtYTdhMS00YjdmLThlMWMtMWVkZGVmNTVhOWE0XkEyXkFqcGdeQXVyODEyMzI2OTE@._V1_SX300.jpg
129,Parks and Recreation,8.6,7,https://m.media-amazon.com/images/M/MV5BMjA5MjUxNDgwNF5BMl5BanBnXkFtZTgwMDI5NjMwNDE@._V1_SX300.jpg
130,DC's Legends of Tomorrow,6.8,6,https://m.media-amazon.com/images/M/MV5BMTc1NTA2YWMtOTc1ZC00ZDk0LThmZDktODhhZjZiMjdkYmNkXkEyXkFqcGdeQXVyMTkxNjUyNQ@@._V1_SX300.jpg
131,The Magicians,7.6,5,https://m.media-amazon.com/images/M/MV5BYTU3ZWRmNDktMDQ0My00OGQzLTkzMzktOTVjZjUzMzVmNjNmXkEyXkFqcGdeQXVyMTkxNjUyNQ@@._V1_SX300.jpg
132,The End of the F***ing World,8.1,2,https://m.media-amazon.com/images/M/MV5BN2ZhNmQ2MjQtMmQzMi00YjE5LTlkMWMtMjk5YzIxMjk2NDc2XkEyXkFqcGdeQXVyMTkxNjUyNQ@@._V1_SX300.jpg
133,Collateral,6.8,1,https://m.media-amazon.com/images/M/MV5BNzY2MDg2Njk3MV5BMl5BanBnXkFtZTgwMTE4MTY4NDM@._V1_SX300.jpg
134,Benched,7.2,1,https://m.media-amazon.com/images/M/MV5BMjA4OTg5NjUwMl5BMl5BanBnXkFtZTgwMTU5ODQxMzE@._V1_SX300.jpg
135,Political Animals,7.8,1,https://m.media-amazon.com/images/M/MV5BMjIxMjY3MjgyNl5BMl5BanBnXkFtZTcwOTc1Mjc5Nw@@._V1_SX300.jpg
136,In Plain Sight,7.2,5,https://m.media-amazon.com/images/M/MV5BNDQxNzM5NzU0OF5BMl5BanBnXkFtZTcwNDg0MjY0Mg@@._V1_SX300.jpg
137,Graceland,7.7,3,https://m.media-amazon.com/images/M/MV5BMTQzNjM5OTc5NV5BMl5BanBnXkFtZTgwMjExMTg5MTE@._V1_SX300.jpg
138,Covert Affairs,7.3,5,https://m.media-amazon.com/images/M/MV5BMTM3Nzk5Njc3M15BMl5BanBnXkFtZTcwMTUxNzc4Nw@@._V1_SX300.jpg
139,Burn Notice,7.9,7,https://m.media-amazon.com/images/M/MV5BMTczMzg4NjU1Ml5BMl5BanBnXkFtZTcwODc4NzY5Nw@@._V1_SX300.jpg
140,White Collar,8.2,6,https://m.media-amazon.com/images/M/MV5BNDI5MDgyMTYzNF5BMl5BanBnXkFtZTcwMjAwNzk1Mw@@._V1_SX300.jpg
141,Psych,8.3,8,https://m.media-amazon.com/images/M/MV5BYzRkOWRmNGUtYzM0Zi00ZGRkLThhMjktNmI4NDYwZDVmODBkXkEyXkFqcGdeQXVyNTA4NzY1MzY@._V1_SX300.jpg
142,Monk,7.9,8,https://m.media-amazon.com/images/M/MV5BM2M4NjM0N2QtMDlmNi00NzNkLWEyYjItOTczMjk1ZjU2NDdiXkEyXkFqcGdeQXVyNzA5NjUyNjM@._V1_SX300.jpg
